Age,BusinessTravel,DailyRate,Department,DistanceFromHome,Education,EducationField,EnvironmentSatisfaction,Gender,HourlyRate,JobInvolvement,JobLevel,JobRole,JobSatisfaction,MaritalStatus,MonthlyIncome,MonthlyRate,NumCompaniesWorked,OverTime,PercentSalaryHike,PerformanceRating,RelationshipSatisfaction,StockOptionLevel,TotalWorkingYears,TrainingTimesLastYear,WorkLifeBalance,YearsAtCompany,YearsInCurrentRole,YearsSinceLastPromotion,YearsWithCurrManager,EmployeeValueScore,ReplacementDifficulty,FinancialLoss,AttritionProbability,CriticalityScore,CriticalityLevel,ActionPriority,Recommendations
24,0,830,2,13,2,1,4,0,78,3,1,8,2,1,2033,7103,1,0,13,3,3,1,1,2,3,1,0,0,0,75.033,28,112198,0.167509846740874,394.8533245300942,Low,Monitor,"['Improve job satisfaction', 'Consider salary adjustment']"
44,2,1117,1,2,1,1,1,0,72,4,1,6,4,1,2011,19982,1,0,13,3,4,1,10,5,3,10,5,7,7,102.011,100,1012066,0.0079389442392733,819.631407218318,Low,Monitor,"['Improve work environment', 'Consider salary adjustment', 'Provide promotion opportunity']"
31,2,688,2,7,3,1,3,1,44,2,3,3,4,0,11557,25291,9,0,21,4,3,1,10,3,2,5,4,0,1,136.557,115,569342,0.2139203371427547,19126.570456467754,Medium,Review Within 30 Days,"['Provide flexible work policy', 'Increase employee engagement']"
44,2,1199,1,4,2,1,3,1,92,4,5,3,1,0,19190,17477,1,0,14,3,4,2,26,4,2,25,9,14,13,204.19,303,2615140,0.0023012027393858,3723.2905109730623,Low,Monitor,"['Improve job satisfaction', 'Provide flexible work policy', 'Provide promotion opportunity']"
36,2,318,1,9,3,3,4,1,79,2,1,6,3,1,3388,21777,0,1,17,3,1,1,2,0,2,1,0,0,0,76.388,31,120328,0.4845795301480296,1380.761267838479,Low,Monitor,"['Provide flexible work policy', 'Increase employee engagement', 'Reduce overtime workload', 'Consider salary adjustment']"
40,2,448,1,16,3,1,3,0,84,3,3,4,4,2,7945,19948,6,1,15,3,4,0,18,2,2,4,2,3,3,109.945,134,447670,0.2830540499584894,18668.4236034784,Medium,Review Within 30 Days,"['Provide flexible work policy', 'Offer stock incentives', 'Reduce overtime workload']"
52,2,319,1,3,3,3,4,1,39,2,3,4,3,1,7969,19609,2,1,14,3,3,0,28,4,3,5,4,0,4,112.969,169,547814,0.0208258114949328,2178.1162193606738,Low,Monitor,"['Offer stock incentives', 'Increase employee engagement', 'Reduce overtime workload']"
43,2,823,1,6,3,3,1,0,81,2,5,3,3,1,19392,22539,7,0,13,3,4,0,21,2,3,16,12,6,14,177.392,243,1716352,0.0099553678964173,7365.529580932943,Low,Monitor,"['Offer stock incentives', 'Increase employee engagement', 'Improve work environment', 'Provide promotion opportunity']"
35,2,1370,1,27,4,1,4,1,49,3,2,4,3,1,6883,5151,2,0,16,3,2,1,17,3,3,7,7,0,7,107.883,126,741298,0.0092081665970697,927.87517694675,Low,Monitor,['Maintain current retention strategy']
18,0,1431,1,14,3,3,2,0,33,3,1,6,3,2,1514,8018,1,0,16,3,3,0,0,4,1,0,0,0,0,71.514,20,9084,0.3406904342442724,44.26476176618517,Low,Monitor,"['Provide flexible work policy', 'Offer stock incentives', 'Improve work environment', 'Consider salary adjustment']"
34,2,678,1,19,3,1,2,0,35,2,1,6,4,1,2929,20338,1,0,12,3,2,0,10,3,3,10,9,8,7,102.929,100,1017574,0.1239734499887162,12984.715614760937,Medium,Review Within 30 Days,"['Offer stock incentives', 'Increase employee engagement', 'Improve work environment', 'Consider salary adjustment', 'Provide promotion opportunity']"
54,2,1082,2,2,4,1,3,0,41,2,3,7,3,1,10686,8392,6,0,11,3,2,1,13,4,3,9,4,7,0,127.686,144,964116,0.1075222329341764,19060.45832177056,Medium,Review Within 30 Days,"['Increase employee engagement', 'Provide promotion opportunity']"
35,1,138,1,2,3,3,2,0,37,3,2,2,2,2,4425,15986,5,0,11,3,4,0,10,5,3,6,2,1,2,102.425,100,626550,0.1848698586792593,11863.909254691056,Low,Monitor,"['Improve job satisfaction', 'Offer stock incentives', 'Improve work environment', 'Consider salary adjustment']"
31,2,196,2,29,4,2,1,0,91,2,2,7,4,1,5468,13402,1,0,14,3,1,2,13,3,3,12,7,5,7,121.468,139,1232808,0.2151303855552529,44778.94739795893,Critical,Immediate Action,"['Increase employee engagement', 'Improve work environment']"
51,1,968,1,6,2,3,2,0,40,2,1,2,3,2,2838,4257,0,0,14,3,2,0,8,6,2,7,0,7,7,93.838,79,717028,0.1374860002685205,7308.031778023626,Low,Monitor,"['Provide flexible work policy', 'Offer stock incentives', 'Increase employee engagement', 'Improve work environment', 'Consider salary adjustment', 'Provide promotion opportunity']"
27,2,1220,1,5,3,1,3,0,85,3,1,6,2,2,2478,20938,1,1,12,3,2,0,4,2,2,4,3,1,2,84.478,52,414868,0.5291619810779957,9643.741008987705,Low,Monitor,"['Improve job satisfaction', 'Provide flexible work policy', 'Offer stock incentives', 'Reduce overtime workload', 'Consider salary adjustment']"
41,2,645,2,1,3,2,2,1,49,4,3,7,1,1,8392,19566,1,0,16,3,3,1,10,2,3,10,7,0,7,128.392,140,1050352,0.0162427005044536,3066.6139219420797,Low,Monitor,"['Improve job satisfaction', 'Improve work environment']"
38,0,1327,2,2,2,1,4,1,39,2,2,7,4,1,5249,19682,3,0,18,3,4,1,13,0,3,8,7,7,5,109.249,119,831494,0.0320927769250685,3469.212071392972,Low,Monitor,"['Increase employee engagement', 'Provide promotion opportunity']"
30,2,946,1,2,3,3,3,0,52,2,2,4,4,2,6877,20234,5,1,24,4,2,0,12,4,2,0,0,0,0,106.877,76,41262,0.4345670682129938,1456.481370071585,Low,Monitor,"['Provide flexible work policy', 'Offer stock incentives', 'Increase employee engagement', 'Reduce overtime workload']"
35,2,287,1,1,4,1,3,0,62,1,1,6,4,1,2977,8952,1,0,12,3,4,1,4,5,3,4,3,1,1,84.977,52,417862,0.0408714948755151,754.6718303626093,Low,Monitor,"['Increase employee engagement', 'Consider salary adjustment']"
29,2,341,2,1,3,3,2,0,48,2,1,8,3,0,2800,23522,6,1,19,3,3,3,5,3,3,3,2,0,2,81.8,50,316800,0.3573591407559481,4630.34526987171,Low,Monitor,"['Increase employee engagement', 'Improve work environment', 'Reduce overtime workload', 'Consider salary adjustment']"
31,2,330,1,22,4,3,4,1,98,3,2,4,3,1,6179,21057,1,1,15,3,4,2,10,3,2,10,2,6,7,116.179,120,1037074,0.2110249863527695,30510.72357973072,Medium,Review Within 30 Days,"['Provide flexible work policy', 'Reduce overtime workload', 'Provide promotion opportunity']"
45,2,1457,1,7,3,3,1,0,83,3,1,6,3,1,4477,20100,4,1,19,3,3,1,7,2,2,3,2,0,2,83.477,56,326862,0.1851418326929295,2828.9407537117822,Low,Monitor,"['Provide flexible work policy', 'Improve work environment', 'Reduce overtime workload', 'Consider salary adjustment']"
40,0,1142,1,8,2,1,4,1,72,3,2,0,4,0,4069,8841,3,1,18,3,3,0,8,2,3,2,2,2,2,90.069,74,224414,0.1165987994138473,1744.0184944482312,Low,Monitor,"['Offer stock incentives', 'Reduce overtime workload', 'Consider salary adjustment']"
28,2,857,1,10,3,4,3,0,59,3,2,6,3,2,3660,7909,3,0,13,3,4,0,10,4,4,8,7,1,7,107.66,110,821960,0.0144449310777319,1406.0903190047245,Low,Monitor,"['Offer stock incentives', 'Consider salary adjustment']"
25,2,891,2,4,2,1,2,0,99,2,2,7,4,2,4487,12090,1,1,11,3,2,0,5,3,3,5,4,1,3,99.487,80,526922,0.5810984141026009,24369.82125623836,Medium,Review Within 30 Days,"['Offer stock incentives', 'Increase employee engagement', 'Improve work environment', 'Reduce overtime workload', 'Consider salary adjustment']"
42,2,855,1,12,3,3,2,1,57,3,1,2,2,0,2766,8952,8,0,22,4,2,3,7,6,2,5,3,0,4,107.766,66,516596,0.0828105609561052,3042.723330032298,Low,Monitor,"['Improve job satisfaction', 'Provide flexible work policy', 'Improve work environment', 'Consider salary adjustment']"
51,1,1150,1,8,4,1,1,1,53,1,3,4,4,2,10650,25150,2,0,15,3,4,0,18,2,3,4,2,0,3,112.65,134,463900,0.0390521793492438,2734.674507023244,Low,Monitor,"['Offer stock incentives', 'Increase employee engagement', 'Improve work environment']"
35,2,882,2,3,4,1,4,1,92,3,3,7,4,0,7823,6812,6,0,13,3,2,1,12,2,3,10,9,0,8,127.823,146,1046938,0.0082541809503788,1612.7119749081742,Low,Monitor,['Maintain current retention strategy']
41,2,1360,1,12,3,5,2,0,49,3,5,5,3,1,19545,16280,1,0,12,3,4,0,23,0,3,22,15,15,8,195.545,279,2317270,0.0104932198577875,13265.88813005467,Medium,Review Within 30 Days,"['Offer stock incentives', 'Improve work environment', 'Provide promotion opportunity']"
35,2,819,1,18,5,1,2,1,48,4,2,6,1,1,5208,26312,1,0,11,3,4,0,16,2,3,16,15,1,10,133.208,168,1631248,0.0119959268931383,4379.1860046436905,Low,Monitor,"['Improve job satisfaction', 'Offer stock incentives', 'Improve work environment']"
48,2,969,1,2,2,5,4,1,76,4,1,2,2,2,2559,16620,5,0,11,3,3,0,7,4,2,1,0,0,0,75.559,46,115354,0.0757544731902941,303.7281006105761,Low,Monitor,"['Improve job satisfaction', 'Provide flexible work policy', 'Offer stock incentives', 'Consider salary adjustment']"
45,2,252,1,2,3,1,2,0,95,2,1,6,3,2,2274,6153,1,0,14,3,4,0,1,3,3,1,0,0,0,75.274,28,113644,0.1017282493616986,243.66385355235613,Low,Monitor,"['Offer stock incentives', 'Increase employee engagement', 'Improve work environment', 'Consider salary adjustment']"
49,2,174,2,8,4,5,4,1,56,2,4,7,2,1,13120,11879,6,0,17,3,2,1,22,3,3,9,8,2,3,140.12,191,978720,0.0252501231677962,6613.86704009578,Low,Monitor,"['Improve job satisfaction', 'Increase employee engagement']"
34,2,546,1,10,3,1,2,1,83,3,1,2,2,0,2008,6896,1,0,14,3,2,2,1,3,3,1,0,1,0,75.008,28,112048,0.1513642544064311,356.19929207119776,Low,Monitor,"['Improve job satisfaction', 'Improve work environment', 'Consider salary adjustment']"
33,1,1076,1,3,3,1,1,1,70,3,1,6,1,2,3348,3164,1,1,11,3,1,0,10,3,3,10,8,9,7,103.348,100,1020088,0.7466973974364016,78719.86721493384,Critical,Immediate Action,"['Improve job satisfaction', 'Offer stock incentives', 'Improve work environment', 'Reduce overtime workload', 'Consider salary adjustment', 'Provide promotion opportunity']"
37,2,397,1,7,4,3,1,1,30,3,3,5,3,2,13664,25258,4,0,13,3,1,0,16,3,4,5,2,0,2,118.664,133,581984,0.0991969884569849,9111.296030647864,Low,Monitor,"['Offer stock incentives', 'Improve work environment']"
27,2,954,2,9,3,2,4,1,44,3,2,7,4,2,4105,5099,1,0,14,3,1,0,7,5,3,7,7,0,7,105.105,96,724630,0.0350542478014453,2563.0175031497283,Low,Monitor,"['Offer stock incentives', 'Consider salary adjustment']"
30,2,853,1,7,4,1,3,1,49,3,2,2,3,0,3491,11309,1,0,13,3,1,3,10,4,2,10,7,8,9,113.491,120,1020946,0.0336362744215244,4676.848779386843,Low,Monitor,"['Provide flexible work policy', 'Consider salary adjustment', 'Provide promotion opportunity']"
31,0,335,1,9,2,3,3,1,46,2,1,6,1,2,2321,10322,0,1,22,4,1,0,4,0,3,3,2,1,2,101.321,47,313926,0.8309205846104561,12421.788480054014,Medium,Review Within 30 Days,"['Improve job satisfaction', 'Offer stock incentives', 'Increase employee engagement', 'Reduce overtime workload', 'Consider salary adjustment']"
51,2,313,1,3,3,3,4,0,98,3,4,0,2,2,13734,7192,3,0,18,3,3,0,21,6,3,7,7,1,0,134.734,178,782404,0.0056068131482477,1052.069307410368,Low,Monitor,"['Improve job satisfaction', 'Offer stock incentives']"
24,2,477,1,24,3,3,4,1,49,3,1,2,2,2,3597,6409,8,0,22,4,4,0,6,2,3,4,3,1,2,105.597,58,421582,0.5179856202905181,13374.554877048164,Medium,Review Within 30 Days,"['Improve job satisfaction', 'Offer stock incentives', 'Consider salary adjustment']"
43,2,1034,2,16,3,2,4,0,80,3,4,3,4,1,16064,7744,5,1,22,4,3,1,22,3,3,17,13,1,9,187.064,231,1796384,0.0136570951815991,10601.314315299152,Low,Monitor,['Reduce overtime workload']
56,2,1443,2,11,5,2,4,0,89,2,2,7,1,1,5380,20328,4,0,16,3,3,1,6,3,3,0,0,0,0,85.38,58,32280,0.0575571734474817,92.00620725419444,Low,Monitor,"['Improve job satisfaction', 'Increase employee engagement']"
30,2,241,1,7,3,3,2,1,48,2,1,6,2,1,2141,5348,1,0,12,3,2,1,6,3,2,6,4,1,1,90.141,68,612846,0.2915133979971916,10950.681810802873,Low,Monitor,"['Improve job satisfaction', 'Provide flexible work policy', 'Increase employee engagement', 'Improve work environment', 'Consider salary adjustment']"
34,2,1480,2,4,3,1,3,1,64,3,3,7,4,1,9713,24444,2,1,13,3,4,3,9,3,3,5,3,1,0,114.713,112,558278,0.0588643781049699,4222.15073942443,Low,Monitor,['Reduce overtime workload']
23,2,160,1,4,1,3,3,0,51,3,1,2,2,2,3295,12862,1,0,13,3,3,0,3,3,1,3,2,1,2,82.295,44,319770,0.3509656850161627,4063.7641922453417,Low,Monitor,"['Improve job satisfaction', 'Provide flexible work policy', 'Offer stock incentives', 'Consider salary adjustment']"
35,1,146,1,2,4,3,1,1,79,2,1,6,4,2,4930,13970,0,1,14,3,3,0,6,2,4,5,4,1,4,89.93,63,529580,0.3260244715515721,9781.983316482452,Low,Monitor,"['Offer stock incentives', 'Increase employee engagement', 'Improve work environment', 'Reduce overtime workload', 'Consider salary adjustment']"
39,2,1431,1,1,4,3,3,0,96,3,1,2,3,0,2232,15417,7,0,14,3,3,3,7,1,3,3,2,1,2,81.232,56,313392,0.022512559491649,320.94303303048696,Low,Monitor,['Consider salary adjustment']
28,2,304,2,9,4,1,2,1,92,3,2,7,4,2,5253,20750,1,0,16,3,4,0,7,1,3,7,5,0,7,106.253,96,731518,0.0775977743849637,5790.108690504992,Low,Monitor,"['Offer stock incentives', 'Improve work environment']"
33,1,430,2,7,3,3,4,1,54,3,2,7,1,1,4373,17456,0,0,14,3,1,2,5,2,3,4,3,0,3,96.373,75,426238,0.0834445264832968,2570.7903537566503,Low,Monitor,"['Improve job satisfaction', 'Consider salary adjustment']"
26,1,1096,1,6,3,4,3,1,61,4,1,2,4,1,2544,7102,0,0,18,3,1,1,8,3,3,7,7,7,7,93.544,79,715264,0.0254017693115348,1342.6826055730244,Low,Monitor,"['Consider salary adjustment', 'Provide promotion opportunity']"
38,2,345,2,10,2,1,1,0,100,3,2,7,4,1,5343,5982,1,0,11,3,3,1,10,1,3,10,7,1,9,115.343,120,1032058,0.0293060062522556,4186.327798754684,Low,Monitor,['Improve work environment']
35,2,1402,2,28,4,1,2,0,98,2,1,8,3,1,2430,26204,0,0,23,4,1,2,6,5,3,5,3,4,2,107.43,63,514580,0.1966975609848579,6850.432676417729,Low,Monitor,"['Increase employee engagement', 'Improve work environment', 'Consider salary adjustment']"
35,2,1258,1,1,4,1,4,0,40,4,1,6,3,2,2506,13301,3,0,13,3,3,0,7,0,3,2,2,2,2,78.506,51,215036,0.0363023362939551,312.5494756199467,Low,Monitor,"['Offer stock incentives', 'Consider salary adjustment']"
37,2,1225,1,10,2,1,4,1,80,4,1,6,4,2,4680,15232,3,0,17,3,1,0,4,2,3,1,0,0,0,77.68,37,128080,0.0473770584670681,174.4055707426381,Low,Monitor,"['Offer stock incentives', 'Consider salary adjustment']"
40,2,302,1,6,3,1,2,0,75,3,4,4,3,2,13237,20364,7,0,15,3,3,0,22,3,3,20,6,5,13,173.237,246,2079422,0.027965999634985,24782.70706519926,Medium,Review Within 30 Days,"['Offer stock incentives', 'Improve work environment']"
31,2,542,2,20,3,1,2,0,71,1,2,7,3,1,4559,24788,3,1,11,3,3,1,4,2,3,2,2,2,2,90.559,62,227354,0.8475553023053393,10819.170185246778,Low,Monitor,"['Increase employee engagement', 'Improve work environment', 'Reduce overtime workload', 'Consider salary adjustment']"
29,2,657,1,27,3,3,2,0,66,3,2,0,3,1,4335,25549,4,0,12,3,1,1,11,3,2,8,7,1,1,108.335,113,826010,0.3321727315773593,33588.956668313345,Critical,Immediate Action,"['Provide flexible work policy', 'Improve work environment', 'Consider salary adjustment']"
59,2,326,2,3,3,1,3,0,48,2,2,7,4,2,5171,16490,5,0,17,3,4,0,13,2,3,6,1,0,5,103.171,109,631026,0.0329064258153484,2335.1356004872696,Low,Monitor,"['Offer stock incentives', 'Increase employee engagement']"
32,2,601,2,7,5,2,4,1,97,3,2,7,4,1,9204,23343,4,0,12,3,3,1,7,3,2,4,3,0,3,101.204,81,455224,0.0492127750932119,1836.477884753144,Low,Monitor,['Provide flexible work policy']
33,2,267,1,21,3,3,2,1,79,4,1,2,2,1,2028,13637,1,0,18,3,4,3,14,6,3,14,11,2,13,114.028,132,1412168,0.0044102165591354,937.414614346323,Low,Monitor,"['Improve job satisfaction', 'Improve work environment', 'Consider salary adjustment']"
27,2,894,1,9,3,3,4,0,99,3,1,6,2,2,2279,11781,1,0,16,3,4,0,7,2,2,7,7,0,3,93.279,76,713674,0.0375484436990139,1899.7186669089608,Low,Monitor,"['Improve job satisfaction', 'Provide flexible work policy', 'Offer stock incentives', 'Consider salary adjustment']"
43,0,343,1,9,3,1,1,1,52,3,1,6,3,2,2438,24978,4,0,13,3,3,0,7,2,2,3,2,1,2,81.438,56,314628,0.3297075533840556,4730.874123643411,Low,Monitor,"['Provide flexible work policy', 'Offer stock incentives', 'Improve work environment', 'Consider salary adjustment']"
34,2,628,1,8,3,3,2,1,82,4,2,2,3,1,4404,10228,2,0,12,3,1,0,6,3,4,4,3,1,2,96.404,78,426424,0.0784045613608429,2514.0425619619864,Low,Monitor,"['Offer stock incentives', 'Improve work environment', 'Consider salary adjustment']"
37,2,1239,0,8,2,4,3,1,89,3,2,1,2,0,4071,12832,2,0,13,3,3,0,19,4,2,10,0,4,7,114.071,147,1024426,0.0175935504439218,3022.224114004182,Low,Monitor,"['Improve job satisfaction', 'Provide flexible work policy', 'Offer stock incentives', 'Consider salary adjustment']"
36,1,1195,1,11,3,1,2,1,95,2,2,4,2,2,6499,22656,1,0,13,3,3,0,6,3,3,6,5,0,3,104.499,88,638994,0.123320843871156,7246.496300093572,Low,Monitor,"['Improve job satisfaction', 'Offer stock incentives', 'Increase employee engagement', 'Improve work environment']"
26,2,920,0,20,2,3,4,0,69,3,1,1,2,1,2148,6889,0,1,11,3,3,0,6,3,3,5,1,1,4,87.148,63,512888,0.2113063644947536,5950.220917002587,Low,Monitor,"['Improve job satisfaction', 'Offer stock incentives', 'Reduce overtime workload', 'Consider salary adjustment']"
41,2,1283,1,5,5,3,2,1,90,4,1,6,3,1,2127,5561,2,1,12,3,1,0,7,5,2,4,2,0,3,84.127,61,412762,0.1969605499026261,4171.998977692785,Low,Monitor,"['Provide flexible work policy', 'Offer stock incentives', 'Improve work environment', 'Reduce overtime workload', 'Consider salary adjustment']"
32,0,862,2,2,1,1,3,0,76,3,1,8,1,0,2827,14947,1,0,12,3,3,3,1,3,3,1,0,0,0,75.827,28,116962,0.0548911787403557,136.31048035941456,Low,Monitor,"['Improve job satisfaction', 'Consider salary adjustment']"
35,2,1146,0,26,4,1,3,0,31,3,3,1,4,2,8837,16642,1,1,16,3,3,0,9,2,3,9,0,1,7,125.837,132,953022,0.1153725579290458,18263.65668894679,Medium,Review Within 30 Days,"['Offer stock incentives', 'Reduce overtime workload']"
39,2,1329,2,4,4,1,4,0,47,2,2,7,3,1,5902,14590,4,0,14,3,3,1,17,1,4,15,11,5,9,130.902,166,1535412,0.012793515253173,4268.440105656822,Low,Monitor,['Increase employee engagement']
59,2,1429,1,18,4,3,4,1,67,3,3,4,4,2,10512,20002,6,0,12,3,4,0,25,6,2,9,7,5,4,127.512,180,963072,0.0067884668743943,1500.5622699353955,Low,Monitor,"['Provide flexible work policy', 'Offer stock incentives']"
29,2,1082,1,9,4,3,4,0,43,3,1,2,3,1,2974,25412,9,0,17,3,3,1,9,2,3,5,3,1,2,87.974,72,517844,0.1089574928842062,3573.904024503914,Low,Monitor,['Consider salary adjustment']
34,2,1031,1,6,4,1,3,0,45,2,2,6,2,0,4505,15000,6,0,15,3,3,1,12,3,3,1,0,0,0,87.505,81,127030,0.0645809491625281,581.4717363315049,Low,Monitor,"['Improve job satisfaction', 'Increase employee engagement', 'Consider salary adjustment']"
45,2,556,1,25,2,1,2,0,93,2,2,4,4,1,5906,23888,0,0,13,3,4,2,10,2,2,9,8,3,8,112.906,115,935436,0.0157447103819704,1912.333433609729,Low,Monitor,"['Provide flexible work policy', 'Increase employee engagement', 'Improve work environment']"
49,2,1490,1,7,4,1,3,1,35,3,3,0,2,0,10466,20948,3,0,14,3,2,2,29,3,3,8,7,0,7,124.466,187,862796,0.0018832365919244,378.1859117018353,Low,Monitor,['Improve job satisfaction']
38,2,119,2,3,3,1,1,1,76,3,3,7,3,0,10609,9647,0,0,12,3,3,2,17,6,2,16,10,5,13,148.609,191,1663654,0.0073563982064211,3473.8152502951843,Low,Monitor,"['Provide flexible work policy', 'Improve work environment']"
31,2,311,1,20,3,1,2,1,89,3,2,2,3,0,4197,18624,1,0,11,3,1,1,10,2,3,10,8,0,2,114.197,120,1025182,0.102860829090377,14450.63507589452,Medium,Review Within 30 Days,"['Improve work environment', 'Consider salary adjustment']"
30,0,111,1,9,3,3,3,1,66,3,2,2,1,0,3072,11012,1,0,11,3,3,2,12,4,3,12,9,6,10,119.072,136,1218432,0.0328950198531197,6490.527674600546,Low,Monitor,"['Improve job satisfaction', 'Consider salary adjustment', 'Provide promotion opportunity']"
33,0,1283,2,2,3,2,4,0,62,3,2,7,2,2,5147,10697,8,0,15,3,4,0,13,2,2,11,7,1,7,118.147,134,1130882,0.078430534158067,14042.032090533368,Medium,Review Within 30 Days,"['Improve job satisfaction', 'Provide flexible work policy', 'Offer stock incentives']"
26,1,342,1,2,3,1,1,1,57,3,1,6,1,1,2042,15346,6,1,14,3,2,1,6,2,3,3,2,1,2,81.042,53,312252,0.8439156194687667,11318.536445853442,Low,Monitor,"['Improve job satisfaction', 'Improve work environment', 'Reduce overtime workload', 'Consider salary adjustment']"
58,2,147,1,23,4,3,4,0,94,3,3,0,4,1,10312,3465,1,0,12,3,4,1,40,3,2,40,10,15,6,220.312,380,4061872,0.0185799014481681,63181.71195797464,Critical,Immediate Action,"['Provide flexible work policy', 'Provide promotion opportunity']"
53,2,1282,1,5,3,4,3,0,58,3,5,3,3,0,19094,10735,4,0,11,3,4,1,26,3,2,14,13,4,8,171.094,248,1514564,0.0005175583146661,332.6085281085899,Low,Monitor,['Provide flexible work policy']
27,2,511,2,2,2,3,1,0,89,4,2,7,3,2,6500,26997,0,0,14,3,2,0,9,5,2,8,7,0,7,110.5,107,839000,0.0460540780704846,4568.526089436891,Low,Monitor,"['Provide flexible work policy', 'Offer stock incentives', 'Improve work environment']"
40,2,369,1,8,2,1,2,0,92,3,2,4,1,1,6516,5041,2,1,16,3,2,1,18,3,3,1,0,0,0,89.516,99,139096,0.2475139865869579,3051.056489179504,Low,Monitor,"['Improve job satisfaction', 'Improve work environment', 'Reduce overtime workload']"
38,2,1495,1,10,3,3,3,0,76,3,2,0,3,1,9824,22174,3,0,19,3,3,1,18,4,3,1,0,0,0,92.824,99,158944,0.0129723200861395,189.4773352434272,Low,Monitor,['Maintain current retention strategy']
44,2,1376,0,1,2,3,2,1,91,2,3,1,1,1,10482,2326,9,0,14,3,4,1,24,1,3,20,6,3,6,160.482,232,2062892,0.0353898916044666,27181.288307124574,Medium,Review Within 30 Days,"['Improve job satisfaction', 'Increase employee engagement', 'Improve work environment']"
41,0,509,1,2,4,4,1,0,62,2,2,0,3,2,6811,2112,2,1,17,3,1,0,10,3,3,8,7,0,7,110.811,110,840866,0.3390903842795053,34755.04267709381,Critical,Immediate Action,"['Offer stock incentives', 'Increase employee engagement', 'Improve work environment', 'Reduce overtime workload']"
37,1,1278,2,1,4,3,3,1,31,1,2,7,4,0,9525,7677,1,0,14,3,3,2,6,2,2,6,3,1,3,107.525,88,657150,0.0375746626565689,2336.4243609971245,Low,Monitor,"['Provide flexible work policy', 'Increase employee engagement']"
46,2,526,2,1,2,2,2,0,92,3,3,7,1,0,10453,2137,1,0,25,4,3,3,24,2,3,24,13,15,7,192.453,252,2462718,0.0174069469735798,20790.384300560872,Medium,Review Within 30 Days,"['Improve job satisfaction', 'Improve work environment', 'Provide promotion opportunity']"
52,2,699,1,1,4,1,3,1,65,2,5,3,3,1,19999,5678,0,0,14,3,1,1,34,5,3,33,18,11,9,228.999,367,3419994,0.0022855155154928,6569.149840760914,Low,Monitor,"['Increase employee engagement', 'Provide promotion opportunity']"
25,1,599,2,24,1,1,3,1,73,1,1,8,4,2,1118,8040,1,1,14,3,4,0,1,4,3,1,0,1,0,74.118,28,106708,0.8745682296068304,1936.744806098378,Low,Monitor,"['Offer stock incentives', 'Increase employee engagement', 'Reduce overtime workload', 'Consider salary adjustment']"
29,1,1404,2,20,3,5,3,0,84,3,1,8,4,1,2157,18203,1,0,15,3,2,1,3,5,3,3,1,0,2,81.157,44,312942,0.0536956546823474,600.0420096835876,Low,Monitor,['Consider salary adjustment']
31,1,444,2,5,3,2,4,0,84,3,1,8,2,0,2789,3909,1,0,11,3,3,1,2,5,2,2,2,2,2,78.789,36,216734,0.0668297528936849,410.8326877512361,Low,Monitor,"['Improve job satisfaction', 'Provide flexible work policy', 'Consider salary adjustment']"
25,2,383,2,9,2,1,1,1,68,2,1,8,1,1,4400,15182,3,0,12,3,1,0,6,2,3,3,2,2,2,83.4,53,326400,0.8170227271079993,11787.62219369611,Low,Monitor,"['Improve job satisfaction', 'Offer stock incentives', 'Increase employee engagement', 'Improve work environment', 'Consider salary adjustment']"
24,1,567,1,2,1,5,1,0,32,3,1,6,4,2,3760,17218,1,1,13,3,3,0,6,2,3,6,3,1,3,91.76,68,622560,0.4063820027283639,15786.214417224004,Medium,Review Within 30 Days,"['Offer stock incentives', 'Improve work environment', 'Reduce overtime workload', 'Consider salary adjustment']"
29,2,992,1,1,3,5,3,1,85,3,1,6,3,2,2058,19757,0,0,14,3,4,0,7,1,2,6,2,1,5,90.05799999999999,71,612348,0.0494484718803553,1936.118012617912,Low,Monitor,"['Provide flexible work policy', 'Offer stock incentives', 'Consider salary adjustment']"
25,2,1382,2,8,2,4,1,0,85,3,2,7,3,0,4907,13684,0,1,22,4,2,1,6,3,2,5,3,0,4,119.907,83,529442,0.2754865401899173,14515.814341760552,Medium,Review Within 30 Days,"['Provide flexible work policy', 'Improve work environment', 'Reduce overtime workload', 'Consider salary adjustment']"
35,1,482,1,4,4,1,3,1,87,3,2,6,3,2,4249,2690,1,1,11,3,2,0,9,3,3,9,6,1,1,111.249,112,925494,0.2978604703423095,34347.93378787007,Critical,Immediate Action,"['Offer stock incentives', 'Reduce overtime workload', 'Consider salary adjustment']"
46,2,430,1,1,4,3,4,1,40,3,5,5,4,0,19627,21445,9,0,17,3,4,2,23,0,3,2,2,2,2,135.627,179,317762,0.0024016984887571,185.27619861396695,Low,Monitor,['Maintain current retention strategy']
42,2,188,1,29,3,3,2,1,56,1,2,2,4,2,4272,9558,4,0,19,3,1,0,16,3,3,1,0,0,0,87.272,93,125632,0.4762166641360076,4855.821787193095,Low,Monitor,"['Offer stock incentives', 'Increase employee engagement', 'Improve work environment', 'Consider salary adjustment']"
37,2,571,1,10,1,1,4,0,82,3,1,6,1,0,2782,19905,0,1,13,3,2,2,6,3,2,5,3,4,3,87.782,63,516692,0.1775016024935025,5072.009245485445,Low,Monitor,"['Improve job satisfaction', 'Provide flexible work policy', 'Reduce overtime workload', 'Consider salary adjustment']"
27,2,1054,1,8,3,3,3,0,67,3,1,6,4,2,3445,6152,1,0,11,3,3,0,6,5,2,6,2,1,4,91.445,68,620670,0.0492718658721888,1901.641471933008,Low,Monitor,"['Provide flexible work policy', 'Offer stock incentives', 'Consider salary adjustment']"
38,2,1404,2,1,3,1,1,1,59,2,1,8,1,2,2858,11473,4,0,14,3,1,0,20,3,2,1,0,0,0,75.858,85,117148,0.5658755733289236,4274.409634682269,Low,Monitor,"['Improve job satisfaction', 'Provide flexible work policy', 'Offer stock incentives', 'Increase employee engagement', 'Improve work environment', 'Consider salary adjustment']"
36,0,301,2,15,4,2,4,1,88,1,2,7,4,0,5406,10436,1,0,24,4,1,1,15,4,2,15,12,11,11,150.406,160,1532436,0.0749362799227763,27635.009584805124,Medium,Review Within 30 Days,"['Provide flexible work policy', 'Increase employee engagement', 'Provide promotion opportunity']"
27,2,618,1,4,3,1,2,0,76,3,1,6,3,2,2318,17808,1,0,19,3,3,0,1,2,3,1,1,0,0,75.318,28,113908,0.1331015766483297,319.7379874643568,Low,Monitor,"['Offer stock incentives', 'Improve work environment', 'Consider salary adjustment']"
40,2,1416,1,2,2,3,1,1,49,3,5,5,3,0,19436,5949,0,0,19,3,4,1,22,5,3,21,7,3,9,192.436,271,2216616,0.0007884197095732,911.3885082443468,Low,Monitor,['Improve work environment']
44,2,935,1,3,3,1,1,1,89,3,1,2,1,1,2362,14669,4,0,12,3,3,0,10,4,4,3,2,1,2,81.362,65,314172,0.1470422004298223,2443.1179928626348,Low,Monitor,"['Improve job satisfaction', 'Offer stock incentives', 'Improve work environment', 'Consider salary adjustment']"
34,2,1351,1,1,4,1,2,1,45,3,2,6,4,1,5484,13008,9,0,17,3,2,1,9,3,2,2,2,2,1,91.484,77,232904,0.1249706758433952,2050.316639526594,Low,Monitor,"['Provide flexible work policy', 'Improve work environment']"
36,2,559,1,12,4,1,3,0,76,3,2,4,3,1,4663,12421,9,1,12,3,2,2,7,2,3,3,2,1,1,93.663,76,327978,0.504965714923011,11789.30658528876,Low,Monitor,"['Reduce overtime workload', 'Consider salary adjustment']"
28,2,1451,1,2,1,1,1,1,67,2,1,6,2,1,3201,19911,0,0,17,3,1,0,6,2,1,5,3,0,4,88.201,63,519206,0.2570933825789949,7417.279754497054,Low,Monitor,"['Improve job satisfaction', 'Provide flexible work policy', 'Offer stock incentives', 'Increase employee engagement', 'Improve work environment', 'Consider salary adjustment']"
56,2,206,0,8,4,1,4,1,99,3,5,3,2,2,19717,4022,6,0,14,3,1,0,36,4,3,7,3,7,7,150.71699999999998,243,818302,0.0048026102984872,1439.3270089787843,Low,Monitor,"['Improve job satisfaction', 'Offer stock incentives', 'Provide promotion opportunity']"
35,0,1097,1,11,2,3,3,1,79,2,3,0,1,1,9884,8302,2,1,13,3,3,1,10,3,3,4,0,2,3,111.884,110,459304,0.4502734830212756,25452.89987562691,Medium,Review Within 30 Days,"['Improve job satisfaction', 'Increase employee engagement', 'Reduce overtime workload']"
40,2,329,1,1,4,1,2,1,88,3,1,2,2,1,2387,6762,3,0,22,4,3,1,7,3,3,4,2,0,3,104.387,61,414322,0.0896207285233138,2364.4096101633286,Low,Monitor,"['Improve job satisfaction', 'Improve work environment', 'Consider salary adjustment']"
41,2,263,1,6,3,3,4,1,59,3,1,2,1,2,4721,3119,2,1,13,3,3,0,20,3,3,18,13,2,17,128.721,170,1828326,0.0422344774634713,16897.36895424822,Medium,Review Within 30 Days,"['Improve job satisfaction', 'Offer stock incentives', 'Reduce overtime workload', 'Consider salary adjustment']"
30,2,921,1,1,3,1,4,1,38,1,1,2,3,1,3833,24375,3,0,21,4,3,2,7,2,3,2,2,0,2,99.833,51,222998,0.0851131829049286,966.3670151085504,Low,Monitor,"['Increase employee engagement', 'Consider salary adjustment']"
46,1,1034,1,18,1,3,1,0,86,3,3,0,3,1,10527,8984,5,0,11,3,4,0,28,3,2,2,2,1,2,106.527,154,263162,0.0417057049127517,1800.5246103643535,Low,Monitor,"['Provide flexible work policy', 'Offer stock incentives', 'Improve work environment']"
30,1,721,1,1,2,3,3,0,58,3,2,2,4,2,4011,10781,1,0,23,4,4,0,12,2,3,12,8,3,7,140.011,136,1224066,0.0162858717389595,3795.918776523308,Low,Monitor,"['Offer stock incentives', 'Consider salary adjustment']"
35,2,819,1,2,3,1,3,1,44,2,3,4,2,0,10274,19588,2,0,18,3,2,1,15,2,4,7,7,6,4,121.274,140,761644,0.0220724622087207,2854.292951145645,Low,Monitor,"['Improve job satisfaction', 'Increase employee engagement', 'Provide promotion opportunity']"
38,2,1380,1,9,2,1,3,0,75,3,1,2,4,2,2288,6319,1,0,12,3,3,0,2,3,3,2,2,2,1,78.288,36,213728,0.0683814705832521,411.9054680735487,Low,Monitor,"['Offer stock incentives', 'Consider salary adjustment']"
38,2,268,1,2,5,3,4,1,92,3,1,6,3,1,3057,20471,6,1,13,3,2,1,6,0,1,1,0,0,1,76.057,43,118342,0.5476652079829476,2119.6380318101124,Low,Monitor,"['Provide flexible work policy', 'Reduce overtime workload', 'Consider salary adjustment']"
44,2,136,1,28,3,1,4,1,32,3,4,5,1,1,16328,22074,3,0,13,3,3,1,24,1,4,20,6,14,17,176.328,252,2097968,0.0292515141465567,27268.988790927484,Medium,Review Within 30 Days,"['Improve job satisfaction', 'Provide promotion opportunity']"
27,2,728,2,23,1,3,2,0,36,2,2,8,3,1,3540,7018,1,0,21,4,4,1,9,5,3,9,8,5,8,130.54,112,921240,0.0810838015444148,10921.15371182276,Low,Monitor,"['Increase employee engagement', 'Improve work environment', 'Consider salary adjustment']"
28,1,193,1,2,3,1,4,1,52,2,1,2,4,1,3867,14222,1,1,12,3,2,1,2,2,3,2,2,2,2,79.867,36,223202,0.4501037333505533,2888.55452166857,Low,Monitor,"['Increase employee engagement', 'Reduce overtime workload', 'Consider salary adjustment']"
42,2,691,2,8,4,2,3,1,48,3,2,7,2,1,6825,21173,0,0,11,3,4,1,10,2,3,9,7,4,2,113.825,115,940950,0.0520206219035634,6407.337281177463,Low,Monitor,['Improve job satisfaction']
32,1,585,1,10,3,1,1,1,56,3,1,6,3,1,3433,17360,6,0,13,3,1,1,10,3,2,5,2,1,3,88.43299999999999,75,520598,0.3524942179278366,12171.107954211371,Low,Monitor,"['Provide flexible work policy', 'Improve work environment', 'Consider salary adjustment']"
26,2,950,2,4,4,2,4,1,48,2,2,7,4,2,5828,8450,1,1,12,3,2,0,8,0,3,8,7,7,4,109.828,104,834968,0.6368293179122166,60735.036221088376,Critical,Immediate Action,"['Offer stock incentives', 'Increase employee engagement', 'Reduce overtime workload', 'Provide promotion opportunity']"
29,1,461,1,1,3,1,4,1,70,4,2,0,3,2,6294,23060,8,1,12,3,4,0,10,5,4,3,2,0,2,95.294,85,337764,0.2658180672698169,7272.47668916175,Low,Monitor,"['Offer stock incentives', 'Reduce overtime workload']"
31,0,587,2,2,4,1,4,0,57,3,3,7,3,0,9852,8935,1,1,19,3,1,1,10,5,2,10,8,9,6,129.852,140,1059112,0.1363124859596498,26245.461009313512,Medium,Review Within 30 Days,"['Provide flexible work policy', 'Reduce overtime workload', 'Provide promotion opportunity']"
41,2,1356,2,20,2,2,2,0,70,3,1,8,2,2,3140,21728,1,1,22,4,4,0,4,5,2,4,3,0,2,105.14,52,418840,0.4750435189127738,10878.09543355306,Low,Monitor,"['Improve job satisfaction', 'Provide flexible work policy', 'Offer stock incentives', 'Improve work environment', 'Reduce overtime workload', 'Consider salary adjustment']"
50,1,1421,1,2,3,3,4,0,30,3,4,3,1,1,17856,9490,2,0,22,4,3,1,32,3,3,2,2,2,2,143.856,186,307136,0.001586367668549,130.36934947775586,Low,Monitor,['Improve job satisfaction']
33,2,527,1,1,4,4,4,1,63,3,1,6,4,2,2686,5207,1,1,13,3,3,0,10,2,2,10,9,7,8,102.686,100,1016116,0.1547159148161343,16143.195874048264,Medium,Review Within 30 Days,"['Provide flexible work policy', 'Offer stock incentives', 'Reduce overtime workload', 'Consider salary adjustment', 'Provide promotion opportunity']"
47,2,1454,2,2,4,1,4,0,65,2,1,8,4,2,3294,13137,1,1,18,3,1,0,3,3,2,3,2,1,2,82.294,44,319764,0.2792867800805984,3233.7079604644387,Low,Monitor,"['Provide flexible work policy', 'Offer stock incentives', 'Increase employee engagement', 'Reduce overtime workload', 'Consider salary adjustment']"
41,2,933,1,9,4,1,3,1,94,3,1,2,1,1,2238,6961,2,0,21,4,4,1,7,2,3,5,0,1,4,107.238,66,513428,0.0838556521554885,3047.2250620544414,Low,Monitor,"['Improve job satisfaction', 'Consider salary adjustment']"
31,2,1276,1,2,1,3,4,0,59,1,1,2,4,0,1129,17536,1,1,11,3,3,3,1,4,3,1,0,0,0,74.129,28,106774,0.1152444193260046,255.40629056282265,Low,Monitor,"['Increase employee engagement', 'Reduce overtime workload', 'Consider salary adjustment']"
40,2,658,2,10,4,2,1,1,67,2,3,7,2,0,9705,20652,2,0,12,3,2,1,11,2,2,1,0,0,0,102.705,98,158230,0.2622583582011775,4176.72449025506,Low,Monitor,"['Improve job satisfaction', 'Provide flexible work policy', 'Increase employee engagement', 'Improve work environment']"
35,2,755,1,9,4,1,3,1,97,2,2,0,2,2,6540,19394,9,0,19,3,3,0,10,5,3,1,1,0,0,89.54,75,139240,0.3791588879100447,3545.3866809744923,Low,Monitor,"['Improve job satisfaction', 'Offer stock incentives', 'Increase employee engagement']"
35,1,200,1,18,2,1,3,1,60,3,3,4,4,2,9362,19944,2,0,11,3,3,0,10,2,3,2,2,2,2,105.362,100,256172,0.0949153135312595,2561.8397000252835,Low,Monitor,['Offer stock incentives']
55,2,282,1,2,2,3,4,0,58,1,5,3,3,1,19187,6992,4,0,14,3,4,1,23,5,3,19,9,9,11,186.187,264,2015122,0.0027665217606101,2740.240723224307,Low,Monitor,"['Increase employee engagement', 'Provide promotion opportunity']"
58,2,1055,1,1,3,3,4,0,76,3,5,5,1,1,19701,22456,3,1,21,4,3,1,32,3,3,9,8,1,5,176.701,241,1018206,0.002183163163196,946.6248403319096,Low,Monitor,"['Improve job satisfaction', 'Reduce overtime workload']"
37,2,1192,1,5,2,3,4,1,61,3,2,4,4,0,6347,23177,7,0,16,3,3,2,8,2,2,6,2,0,4,104.347,94,638082,0.01372482624579,858.9960558110432,Low,Monitor,['Provide flexible work policy']
21,2,996,1,3,2,3,4,1,100,2,1,6,3,2,3230,10531,1,0,17,3,1,0,3,4,4,3,2,1,0,82.23,44,319380,0.1138509481082246,1315.610511949165,Low,Monitor,"['Offer stock incentives', 'Increase employee engagement', 'Consider salary adjustment']"
31,2,106,0,2,3,0,1,1,62,2,2,1,1,1,6410,17822,3,0,12,3,4,0,9,1,3,2,2,1,0,92.41,77,238460,0.3090910632789328,5244.591703029732,Low,Monitor,"['Improve job satisfaction', 'Offer stock incentives', 'Increase employee engagement', 'Improve work environment']"
41,0,906,1,5,2,1,1,1,95,2,1,6,1,0,2107,20293,6,0,17,3,1,1,5,2,1,1,0,0,0,75.107,40,112642,0.5499761216063235,1861.163786259796,Low,Monitor,"['Improve job satisfaction', 'Provide flexible work policy', 'Increase employee engagement', 'Improve work environment', 'Consider salary adjustment']"
36,1,1467,2,11,2,5,2,0,92,3,3,7,4,1,9738,22952,0,0,14,3,3,1,10,6,3,9,7,2,8,126.738,135,958428,0.0042861628776613,702.8599243123655,Low,Monitor,['Improve work environment']
32,2,371,2,19,3,1,4,1,80,1,3,7,3,1,9610,3840,3,0,13,3,3,1,10,2,1,4,3,0,2,111.61,110,457660,0.259758882410228,14595.169958957027,Medium,Review Within 30 Days,"['Provide flexible work policy', 'Increase employee engagement']"
39,1,443,1,8,1,1,3,0,48,3,1,2,3,1,3755,17872,1,0,11,3,1,1,8,3,3,8,3,0,7,97.755,84,822530,0.0352684281841959,2382.0787658711915,Low,Monitor,['Consider salary adjustment']
22,2,1256,1,19,1,3,3,1,80,3,1,6,4,1,2323,11992,1,0,24,4,1,2,2,6,3,2,2,2,2,98.323,36,213938,0.0480548269047433,363.9004315622463,Low,Monitor,['Consider salary adjustment']
43,2,982,1,12,3,1,1,1,59,2,4,5,2,0,14336,4345,1,0,11,3,3,1,25,3,3,25,10,3,9,189.336,280,2586016,0.009922408327778,13603.151406451268,Medium,Review Within 30 Days,"['Improve job satisfaction', 'Increase employee engagement', 'Improve work environment']"
34,2,1326,2,3,3,4,4,1,81,1,2,7,1,2,4759,15891,3,0,18,3,4,0,15,2,3,13,9,3,12,123.759,150,1328554,0.04842799597498,11943.834020598224,Low,Monitor,"['Improve job satisfaction', 'Offer stock incentives', 'Increase employee engagement', 'Consider salary adjustment']"
28,2,1083,1,29,1,1,3,1,96,1,2,4,2,1,6549,3173,1,0,14,3,2,2,8,2,2,8,6,1,7,110.549,104,839294,0.1429728548121911,13796.085117408102,Medium,Review Within 30 Days,"['Improve job satisfaction', 'Provide flexible work policy', 'Increase employee engagement']"
26,2,683,1,2,1,3,1,1,36,2,1,6,4,2,3904,4050,0,0,12,3,4,0,5,2,3,4,3,1,1,85.904,55,423424,0.1654681455382171,3310.2892697483157,Low,Monitor,"['Offer stock incentives', 'Increase employee engagement', 'Improve work environment', 'Consider salary adjustment']"
42,2,532,1,4,2,5,3,1,58,3,5,3,4,1,19232,4933,1,0,11,3,4,0,22,3,3,22,17,11,15,195.232,276,2315392,0.0011806644727237,1473.0283619450993,Low,Monitor,"['Offer stock incentives', 'Provide promotion opportunity']"
34,1,426,1,10,4,1,3,1,42,4,2,4,4,0,4724,17000,1,0,13,3,1,1,9,3,3,9,7,7,2,111.724,112,928344,0.0428997038669703,4983.422721184877,Low,Monitor,"['Consider salary adjustment', 'Provide promotion opportunity']"
56,2,441,1,14,4,1,2,0,72,3,1,6,2,1,4963,4510,9,1,18,3,1,3,7,2,3,5,4,4,3,89.963,66,529778,0.4036164835249873,12696.110065890858,Medium,Review Within 30 Days,"['Improve job satisfaction', 'Improve work environment', 'Reduce overtime workload', 'Consider salary adjustment']"
29,2,1092,1,1,4,3,1,1,36,3,1,6,4,1,4787,26124,9,1,14,3,2,3,4,3,4,2,2,2,2,80.787,42,228722,0.4054785608372332,3146.781641212629,Low,Monitor,"['Improve work environment', 'Reduce overtime workload', 'Consider salary adjustment']"
40,2,1202,1,2,1,3,2,0,89,4,2,0,3,0,6377,13888,5,0,20,4,2,3,15,0,3,12,11,11,8,142.377,145,1238262,0.0160652332675793,4106.83657663613,Low,Monitor,"['Improve work environment', 'Provide promotion opportunity']"
24,2,693,2,3,2,1,1,0,65,3,2,7,3,2,4577,24785,9,0,14,3,1,0,4,3,3,2,2,2,0,90.577,62,227462,0.7805327557576671,9970.331737434632,Low,Monitor,"['Offer stock incentives', 'Improve work environment', 'Consider salary adjustment']"
36,2,335,2,17,2,2,3,1,33,2,2,7,2,1,5507,16822,2,0,16,3,3,2,12,1,1,4,2,1,3,97.507,96,433042,0.2428314637519763,9843.32909697812,Low,Monitor,"['Improve job satisfaction', 'Provide flexible work policy', 'Increase employee engagement']"
43,1,775,2,15,3,1,4,1,47,2,2,7,4,1,6804,23683,3,0,18,3,3,1,7,5,3,2,2,2,2,92.804,71,240824,0.0432870613210343,686.8832295430888,Low,Monitor,['Increase employee engagement']
50,1,1246,0,3,3,3,1,1,99,3,5,3,2,1,18200,7999,1,0,11,3,3,1,32,2,3,32,5,10,7,224.2,356,3309200,0.008162226770915,21558.43736959523,Medium,Review Within 30 Days,"['Improve job satisfaction', 'Improve work environment', 'Provide promotion opportunity']"
34,2,699,1,6,1,3,2,1,83,3,1,6,1,2,2960,17102,2,0,11,3,3,0,8,2,3,4,2,1,3,84.96,64,417760,0.2007712815920559,4560.609876734307,Low,Monitor,"['Improve job satisfaction', 'Offer stock incentives', 'Improve work environment', 'Consider salary adjustment']"
42,0,179,0,2,5,3,4,1,79,4,2,1,1,1,6272,12858,7,0,16,3,1,1,10,3,4,4,3,0,3,98.272,90,437632,0.0218819723908654,846.9696346362471,Low,Monitor,['Improve job satisfaction']
42,1,933,1,19,3,3,3,1,57,4,1,6,3,0,2759,20366,6,1,12,3,4,0,7,2,3,2,2,2,2,78.759,51,216554,0.2378513465622282,2068.91283513099,Low,Monitor,"['Offer stock incentives', 'Reduce overtime workload', 'Consider salary adjustment']"
30,2,330,0,1,3,1,3,1,46,3,1,1,3,0,2064,15428,0,0,21,4,1,1,6,3,4,5,3,1,3,107.064,63,512384,0.0198532344298843,686.1370089432144,Low,Monitor,['Consider salary adjustment']
51,2,1323,1,4,4,1,1,1,34,3,1,6,3,1,2461,10332,9,1,12,3,3,3,18,2,4,10,0,2,7,102.461,124,1014766,0.1518383498777959,19576.16687051094,Medium,Review Within 30 Days,"['Improve work environment', 'Reduce overtime workload', 'Consider salary adjustment']"
39,0,1251,2,21,4,1,1,0,32,1,2,7,3,1,5736,3987,6,0,19,3,3,1,10,1,3,3,2,1,2,94.736,85,334416,0.4170759025994217,11231.45743850602,Low,Monitor,"['Increase employee engagement', 'Improve work environment']"
37,2,1373,1,2,2,4,4,1,92,2,1,2,3,2,2090,2396,6,1,15,3,2,0,7,3,3,0,0,0,0,72.09,41,12540,0.5330661273245727,197.5775090227446,Low,Monitor,"['Offer stock incentives', 'Increase employee engagement', 'Reduce overtime workload', 'Consider salary adjustment']"
31,1,1327,1,3,4,3,2,1,73,3,3,5,3,0,13675,13523,9,0,12,3,1,1,9,3,3,2,2,2,2,109.675,97,282050,0.0891786024631835,2675.8769807738554,Low,Monitor,['Improve work environment']
27,2,155,1,4,3,1,2,1,87,4,2,4,2,1,6142,5174,1,1,20,4,2,1,6,0,3,6,2,0,3,124.142,88,636852,0.3994574730543823,27791.403349022246,Medium,Review Within 30 Days,"['Improve job satisfaction', 'Improve work environment', 'Reduce overtime workload']"
41,2,1411,1,19,2,1,3,1,36,3,2,6,1,0,3072,19877,2,0,16,3,1,2,17,2,2,1,0,0,0,86.072,96,118432,0.0519061950717472,507.9504922281773,Low,Monitor,"['Improve job satisfaction', 'Provide flexible work policy', 'Consider salary adjustment']"
47,1,1309,2,4,1,3,2,1,99,3,2,8,3,2,2976,25751,3,0,19,3,1,0,5,3,3,0,0,0,0,82.976,55,17856,0.1319334289451171,107.51132437203349,Low,Monitor,"['Offer stock incentives', 'Improve work environment', 'Consider salary adjustment']"
38,2,1035,2,3,4,1,2,1,42,3,2,7,4,2,6861,4981,8,1,12,3,3,0,19,1,3,1,0,0,0,89.861,102,141166,0.6043673545009765,7819.923876659242,Low,Monitor,"['Offer stock incentives', 'Improve work environment', 'Reduce overtime workload']"
26,1,575,1,3,1,5,3,1,73,3,1,6,1,2,3102,6582,0,0,22,4,3,0,7,2,3,6,4,0,4,111.102,71,618612,0.083583050504433,4078.6532349454337,Low,Monitor,"['Improve job satisfaction', 'Offer stock incentives', 'Consider salary adjustment']"
41,2,314,0,1,3,0,4,1,59,2,5,3,3,1,19189,19562,1,0,12,3,2,1,22,3,3,22,7,2,10,195.189,276,2315134,0.0015356700285199,1915.30729357174,Low,Monitor,['Increase employee engagement']
30,1,109,1,5,3,3,2,0,60,3,1,2,2,2,2422,25725,0,0,17,3,1,0,4,3,3,3,2,1,2,81.422,47,314532,0.281661186732533,3390.247974050016,Low,Monitor,"['Improve job satisfaction', 'Offer stock incentives', 'Improve work environment', 'Consider salary adjustment']"
36,2,1403,1,6,3,1,4,1,47,3,1,2,4,1,3210,20251,0,0,11,3,3,1,16,4,3,15,13,10,11,118.21,143,1519260,0.0062870984439048,1614.628518747304,Low,Monitor,"['Consider salary adjustment', 'Provide promotion opportunity']"
50,1,959,2,1,4,4,4,1,81,3,2,7,3,2,4728,17251,3,1,14,3,4,0,5,4,3,0,0,0,0,84.728,55,28368,0.174109071330802,230.16525356532227,Low,Monitor,"['Offer stock incentives', 'Reduce overtime workload', 'Consider salary adjustment']"
24,2,691,1,23,3,3,2,1,89,4,1,6,4,1,2725,21630,1,1,11,3,2,2,6,3,3,6,5,1,4,90.725,68,616350,0.2029975199757114,7718.875250014676,Low,Monitor,"['Improve work environment', 'Reduce overtime workload', 'Consider salary adjustment']"
31,2,140,1,12,1,3,3,0,95,3,1,6,4,1,3929,6984,8,1,23,4,3,1,7,0,3,4,2,0,2,105.929,61,423574,0.3936175558676894,10773.29276420185,Low,Monitor,"['Reduce overtime workload', 'Consider salary adjustment']"
36,2,530,2,2,4,1,3,0,51,3,2,8,4,2,4502,7439,3,0,15,3,3,0,17,2,2,13,7,6,7,123.502,156,1327012,0.0677043623822872,17309.72194178397,Medium,Review Within 30 Days,"['Provide flexible work policy', 'Offer stock incentives', 'Consider salary adjustment', 'Provide promotion opportunity']"
52,0,585,2,29,4,1,1,1,40,3,1,8,4,0,3482,19788,2,0,15,3,2,2,16,3,2,9,8,0,0,100.482,113,920892,0.0635188049945564,6641.676728612268,Low,Monitor,"['Provide flexible work policy', 'Improve work environment', 'Consider salary adjustment']"
29,2,896,1,18,1,3,3,1,86,2,1,6,4,2,2389,14961,1,1,13,3,3,0,4,3,2,4,3,0,1,84.389,52,414334,0.5421694363811926,9857.681644853692,Low,Monitor,"['Provide flexible work policy', 'Offer stock incentives', 'Increase employee engagement', 'Reduce overtime workload', 'Consider salary adjustment']"
34,1,829,1,15,3,3,2,1,71,3,4,5,1,0,17007,11929,7,0,14,3,4,2,16,3,2,14,8,6,9,159.007,198,1502042,0.0331600586631749,15681.182194853433,Medium,Review Within 30 Days,"['Improve job satisfaction', 'Provide flexible work policy', 'Improve work environment', 'Provide promotion opportunity']"
32,2,977,1,2,3,3,4,1,45,3,2,6,2,0,5470,25518,0,0,13,3,3,2,10,4,2,9,5,1,6,112.47,115,932820,0.0053453888029217,644.9286704663106,Low,Monitor,"['Improve job satisfaction', 'Provide flexible work policy']"
28,2,1217,1,1,3,3,3,0,67,3,1,6,1,1,3591,12719,1,0,25,4,3,1,3,3,3,3,2,1,2,102.591,44,321546,0.0408255776715277,592.566901168371,Low,Monitor,"['Improve job satisfaction', 'Consider salary adjustment']"
59,2,142,1,3,3,1,3,1,70,2,1,6,4,1,2177,8456,3,0,17,3,1,1,7,6,3,1,0,0,0,75.177,46,113062,0.0275011313191347,107.5251472530059,Low,Monitor,"['Increase employee engagement', 'Consider salary adjustment']"
46,2,228,2,3,3,1,3,0,51,3,4,3,2,1,16606,11380,8,0,12,3,4,1,23,2,4,13,12,5,1,155.606,214,1399636,0.0315424589216444,14701.13151718295,Medium,Review Within 30 Days,['Improve job satisfaction']
26,2,482,1,1,2,1,2,0,90,2,1,6,3,1,2933,14908,1,1,13,3,3,1,1,3,2,1,0,1,0,75.93299999999999,28,117598,0.5650147612767958,1412.6947126736366,Low,Monitor,"['Provide flexible work policy', 'Increase employee engagement', 'Improve work environment', 'Reduce overtime workload', 'Consider salary adjustment']"
35,1,880,2,12,4,4,4,1,36,3,2,7,4,2,4581,10414,3,1,24,4,1,0,13,2,4,11,9,6,7,137.581,134,1127486,0.2693251055642178,55982.36697781315,Critical,Immediate Action,"['Offer stock incentives', 'Reduce overtime workload', 'Consider salary adjustment', 'Provide promotion opportunity']"
33,2,832,1,5,4,1,3,0,63,2,1,6,4,1,2911,14776,1,0,13,3,3,1,2,2,2,2,2,0,2,78.911,36,217466,0.0526678115415539,325.36938538145927,Low,Monitor,"['Provide flexible work policy', 'Increase employee engagement', 'Consider salary adjustment']"
44,2,625,1,4,3,3,4,1,50,3,2,0,2,2,5933,5197,9,0,12,3,4,0,10,2,2,5,2,2,3,100.933,95,535598,0.2447028114269365,12567.089059354608,Medium,Review Within 30 Days,"['Improve job satisfaction', 'Provide flexible work policy', 'Offer stock incentives']"
51,2,684,1,6,3,1,1,1,51,3,5,5,3,2,19537,6462,7,0,13,3,3,0,23,5,3,20,18,15,15,189.537,269,2117222,0.0141693593955577,15295.472460104776,Medium,Review Within 30 Days,"['Offer stock incentives', 'Improve work environment', 'Provide promotion opportunity']"
40,0,218,1,8,1,3,4,1,55,2,3,5,2,0,13757,25178,2,0,11,3,3,1,16,5,3,9,8,4,8,130.757,153,982542,0.0061444897334036,1207.795272859045,Low,Monitor,"['Improve job satisfaction', 'Increase employee engagement']"
39,2,141,0,3,3,0,3,0,44,4,2,1,2,1,6389,18767,9,0,15,3,3,1,12,3,1,8,3,3,6,110.389,116,838334,0.0642519808322946,6897.431395813665,Low,Monitor,"['Improve job satisfaction', 'Provide flexible work policy']"
48,1,708,2,7,2,3,4,0,95,3,1,8,3,1,2655,11740,2,1,11,3,3,2,19,3,3,9,7,7,7,99.655,122,915930,0.0468867597416347,5221.213215491044,Low,Monitor,"['Reduce overtime workload', 'Consider salary adjustment', 'Provide promotion opportunity']"
31,1,715,2,2,4,4,4,1,54,3,2,7,1,2,5332,21602,7,0,13,3,4,0,10,3,3,5,2,0,3,100.332,95,531992,0.2153134743873566,10917.90686476269,Low,Monitor,"['Improve job satisfaction', 'Offer stock incentives']"
37,2,309,2,10,4,1,4,0,88,2,2,7,4,0,6694,24223,2,1,14,3,3,3,8,5,3,1,0,0,0,89.694,69,140164,0.0790236400605775,685.4976915073361,Low,Monitor,"['Increase employee engagement', 'Reduce overtime workload']"
28,2,1144,2,10,1,3,4,1,74,3,1,8,2,1,1052,23384,1,0,22,4,2,0,1,5,3,1,0,0,0,94.052,28,106312,0.1570794373889457,439.772118855686,Low,Monitor,"['Improve job satisfaction', 'Offer stock incentives', 'Consider salary adjustment']"
19,2,419,2,21,3,4,4,1,37,2,1,8,2,2,2121,9947,1,1,13,3,2,0,1,3,4,1,0,0,0,75.121,28,112726,0.891426837605079,2113.631114553129,Low,Monitor,"['Improve job satisfaction', 'Offer stock incentives', 'Increase employee engagement', 'Reduce overtime workload', 'Consider salary adjustment']"
37,1,663,1,11,3,4,2,1,47,3,3,5,4,0,12185,10056,1,1,14,3,3,3,10,1,3,10,8,0,7,132.185,140,1073110,0.0140810660427794,2796.340085949987,Low,Monitor,"['Improve work environment', 'Reduce overtime workload']"
25,2,266,1,1,3,3,4,0,40,3,1,6,2,2,2096,18830,1,0,18,3,4,0,2,3,2,2,2,2,1,78.096,36,212576,0.1101500638184967,658.3097312375987,Low,Monitor,"['Improve job satisfaction', 'Provide flexible work policy', 'Offer stock incentives', 'Consider salary adjustment']"
41,2,427,0,10,4,0,2,1,73,2,5,3,4,0,19141,8861,3,0,15,3,2,3,23,2,2,21,6,12,6,192.141,274,2214846,0.0156108759203223,18202.93490806587,Medium,Review Within 30 Days,"['Provide flexible work policy', 'Increase employee engagement', 'Improve work environment', 'Provide promotion opportunity']"
22,0,1123,1,16,2,3,4,1,96,4,1,2,4,0,2935,7324,1,1,13,3,2,2,1,2,2,1,0,0,0,75.935,28,117610,0.2203844316224041,551.0933753895443,Low,Monitor,"['Provide flexible work policy', 'Reduce overtime workload', 'Consider salary adjustment']"
53,2,102,1,23,4,1,4,0,72,3,4,5,4,2,14275,20206,6,0,18,3,3,0,33,0,3,12,9,3,8,150.275,239,1285650,0.003951337715332,1824.532238675016,Low,Monitor,['Offer stock incentives']
50,2,1464,1,2,4,3,2,1,62,3,5,5,3,1,19237,12853,2,1,11,3,4,1,29,2,2,8,1,7,7,153.237,227,915422,0.0212701740926415,6773.012672386762,Low,Monitor,"['Provide flexible work policy', 'Improve work environment', 'Reduce overtime workload', 'Provide promotion opportunity']"
44,0,381,1,24,3,3,1,1,49,1,1,2,3,2,3708,2104,2,0,14,3,3,0,9,5,3,5,2,1,4,88.708,72,522248,0.414028733846316,13810.282172073375,Medium,Review Within 30 Days,"['Offer stock incentives', 'Increase employee engagement', 'Improve work environment', 'Consider salary adjustment']"
43,2,1179,2,2,3,3,4,1,73,3,2,7,4,1,7847,6069,1,1,17,3,1,1,10,3,3,10,9,8,8,117.847,120,1047082,0.0575460666810891,8521.108903178863,Low,Monitor,"['Reduce overtime workload', 'Provide promotion opportunity']"
54,2,155,1,9,2,1,1,0,67,3,2,6,3,1,2897,22474,3,0,11,3,3,2,9,6,2,4,3,2,3,94.897,87,417382,0.0297953561626743,1026.72475381431,Low,Monitor,"['Provide flexible work policy', 'Improve work environment', 'Consider salary adjustment']"
36,2,216,1,6,2,3,2,1,84,3,2,4,2,0,4941,2819,6,0,20,4,4,2,7,0,3,3,2,0,1,113.941,76,329646,0.0907563417551637,2590.707671432921,Low,Monitor,"['Improve job satisfaction', 'Improve work environment', 'Consider salary adjustment']"
46,2,168,2,4,2,2,4,0,33,2,5,3,2,1,18789,9946,2,0,14,3,3,1,26,2,3,11,4,0,8,161.789,233,1212734,0.005546925014053,2535.845325860799,Low,Monitor,"['Improve job satisfaction', 'Increase employee engagement']"
55,2,478,1,2,3,3,3,1,60,2,5,5,1,1,19038,19805,8,0,12,3,2,3,34,2,3,1,0,0,0,132.038,207,214228,0.0095569319805296,559.5823543508375,Low,Monitor,"['Improve job satisfaction', 'Increase employee engagement']"
39,2,1089,1,6,3,1,2,0,32,3,3,4,2,2,8376,9150,4,0,18,3,4,0,9,3,3,2,0,2,2,104.376,97,250256,0.0756494751967424,1916.7382157535,Low,Monitor,"['Improve job satisfaction', 'Offer stock incentives', 'Improve work environment']"
21,1,756,2,1,1,5,1,0,99,2,1,8,2,2,2174,9150,1,1,11,3,3,0,3,3,3,3,2,1,2,81.174,44,313044,0.835083734362027,9336.949986958718,Low,Monitor,"['Improve job satisfaction', 'Offer stock incentives', 'Increase employee engagement', 'Improve work environment', 'Reduce overtime workload', 'Consider salary adjustment']"
43,1,559,1,10,4,1,3,0,82,2,2,2,3,0,5257,6227,1,0,11,3,2,1,9,3,4,9,7,0,0,112.257,112,931542,0.0231074905683131,2706.366938606478,Low,Monitor,['Increase employee engagement']
51,2,1169,1,7,4,3,2,1,34,2,2,4,3,1,6132,13983,2,0,17,3,3,0,10,2,3,1,0,0,0,89.132,75,136792,0.0528014662545984,482.838171973278,Low,Monitor,"['Offer stock incentives', 'Increase employee engagement', 'Improve work environment']"
31,2,1398,0,8,2,3,4,0,96,4,1,1,2,2,2109,24609,9,0,18,3,4,0,8,3,3,3,2,0,2,81.109,59,312654,0.0381714399341321,571.1150317828734,Low,Monitor,"['Improve job satisfaction', 'Offer stock incentives', 'Consider salary adjustment']"
33,1,1392,1,3,4,1,4,0,56,3,1,6,3,1,2909,23159,1,1,11,3,3,0,8,3,3,8,7,3,0,96.909,84,817454,0.1280521989246364,8521.062722031518,Low,Monitor,"['Offer stock incentives', 'Reduce overtime workload', 'Consider salary adjustment']"
50,2,869,2,3,2,2,1,1,86,2,1,8,3,1,2683,3810,1,1,14,3,3,0,3,2,3,3,2,0,2,81.68299999999999,44,316098,0.4606357552165307,5233.1568269718055,Low,Monitor,"['Offer stock incentives', 'Increase employee engagement', 'Improve work environment', 'Reduce overtime workload', 'Consider salary adjustment']"
45,2,1234,2,11,2,1,4,0,90,3,4,3,4,1,17650,5404,3,0,13,3,2,1,26,4,4,9,3,1,1,144.65,203,1005900,0.0038812425666995,1146.4102748117048,Low,Monitor,['Maintain current retention strategy']
33,1,827,1,1,4,4,3,0,84,4,2,0,2,1,5488,20161,1,1,13,3,1,1,6,2,3,6,5,1,2,103.488,88,632928,0.1949390180183143,11236.36268573548,Low,Monitor,"['Improve job satisfaction', 'Reduce overtime workload']"
28,0,1366,1,24,2,5,2,1,72,2,3,0,1,2,8722,12355,1,0,12,3,1,0,10,2,2,10,7,1,9,128.722,140,1052332,0.3475784101475403,65915.32290117203,Critical,Immediate Action,"['Improve job satisfaction', 'Provide flexible work policy', 'Offer stock incentives', 'Increase employee engagement', 'Improve work environment']"
18,2,812,2,10,3,3,4,0,69,2,1,8,3,2,1200,9724,1,0,12,3,1,0,0,2,3,0,0,0,0,71.2,20,7200,0.490261478555754,50.26552887336434,Low,Monitor,"['Offer stock incentives', 'Increase employee engagement', 'Consider salary adjustment']"
35,2,583,1,25,4,3,3,0,57,3,3,0,3,0,10388,6975,1,1,11,3,3,1,16,3,2,16,10,10,1,148.388,188,1662328,0.3980601213664896,184595.88768503023,Critical,Immediate Action,"['Provide flexible work policy', 'Reduce overtime workload', 'Provide promotion opportunity']"
38,1,1186,1,3,4,4,3,1,44,3,1,6,3,1,2821,2997,3,0,16,3,1,1,8,2,3,2,2,2,2,78.821,54,216926,0.0499977817948756,461.6342737431516,Low,Monitor,['Consider salary adjustment']
24,2,823,1,17,2,4,4,1,94,2,1,2,2,1,2127,9100,1,0,21,4,4,1,1,2,3,1,0,0,0,95.127,28,112762,0.2011088525003824,604.0262185615362,Low,Monitor,"['Improve job satisfaction', 'Increase employee engagement', 'Consider salary adjustment']"
35,2,538,1,25,2,4,1,1,54,2,2,2,4,2,3681,14004,4,0,14,3,4,0,9,3,3,3,2,0,2,92.681,82,322086,0.3291079190012682,8055.912561493572,Low,Monitor,"['Offer stock incentives', 'Increase employee engagement', 'Improve work environment', 'Consider salary adjustment']"
33,2,922,1,1,5,3,1,0,95,4,4,5,3,0,16184,22578,4,0,19,3,3,1,10,2,3,6,1,0,5,134.184,140,697104,0.0062868791192228,823.3063298650192,Low,Monitor,['Improve work environment']
37,2,124,1,3,3,4,4,0,35,3,2,0,2,2,4107,13848,3,0,15,3,1,0,8,3,2,4,3,0,1,96.107,84,424642,0.1831820957099915,6279.7199568863325,Low,Monitor,"['Improve job satisfaction', 'Provide flexible work policy', 'Offer stock incentives', 'Consider salary adjustment']"
36,2,796,1,12,5,3,4,0,51,2,3,4,4,2,8858,15669,0,0,11,3,2,0,15,2,2,14,8,7,8,140.858,175,1453148,0.0414768868814424,14857.152019318415,Medium,Review Within 30 Days,"['Provide flexible work policy', 'Offer stock incentives', 'Increase employee engagement', 'Provide promotion opportunity']"
24,2,1206,1,17,1,3,4,0,41,2,2,4,3,0,4377,24117,1,0,15,3,2,2,5,6,3,4,2,3,2,96.377,75,426262,0.0319406696372659,984.1364156558476,Low,Monitor,"['Increase employee engagement', 'Consider salary adjustment']"
28,2,995,1,9,3,3,3,0,77,3,1,6,3,0,2377,9834,5,0,18,3,2,1,6,2,3,2,2,2,2,78.377,48,214262,0.0564636643863654,455.13903841918096,Low,Monitor,['Consider salary adjustment']
39,2,492,1,12,3,3,4,1,66,3,2,4,2,1,5295,7693,4,0,21,4,3,0,7,3,3,5,4,1,0,120.295,86,531770,0.0852527841408401,4690.060353215523,Low,Monitor,"['Improve job satisfaction', 'Offer stock incentives']"
37,0,1040,1,2,2,1,3,1,100,2,2,0,4,0,5163,15850,5,0,14,3,4,1,17,2,4,1,0,0,0,88.163,96,130978,0.022691902397776,251.5514670117672,Low,Monitor,['Increase employee engagement']
41,1,857,1,10,3,1,4,1,91,2,4,3,1,0,17181,12888,4,0,13,3,2,1,21,2,2,7,6,7,7,138.181,178,803086,0.0304040260161851,6005.670266017938,Low,Monitor,"['Improve job satisfaction', 'Provide flexible work policy', 'Increase employee engagement', 'Provide promotion opportunity']"
25,2,882,1,19,1,3,4,1,67,3,1,2,4,1,3669,9075,3,0,11,3,3,3,7,6,2,3,2,1,2,82.669,56,322014,0.0390907268004092,582.7458777851259,Low,Monitor,"['Provide flexible work policy', 'Consider salary adjustment']"
26,2,1384,1,3,4,3,1,1,82,4,1,2,4,1,4420,13421,1,0,22,4,2,1,8,2,3,8,7,0,7,118.42,84,826520,0.018984252841872,1560.8142420382549,Low,Monitor,"['Improve work environment', 'Consider salary adjustment']"
21,2,1427,1,18,1,4,4,0,65,3,1,6,4,2,2693,8870,1,0,19,3,1,0,1,3,2,1,0,0,0,75.693,28,116158,0.121387829514015,298.8395140163019,Low,Monitor,"['Provide flexible work policy', 'Offer stock incentives', 'Consider salary adjustment']"
26,2,474,1,3,3,1,1,0,89,3,1,6,4,1,2061,11133,1,0,21,4,1,0,1,5,3,1,0,0,0,95.061,28,112366,0.1595879046457208,477.3042524317482,Low,Monitor,"['Offer stock incentives', 'Improve work environment', 'Consider salary adjustment']"
53,2,607,1,2,5,5,3,0,78,2,3,4,4,1,10169,14618,0,0,16,3,2,1,34,4,3,33,7,1,9,199.169,327,3361014,0.0011653499504556,2550.9161246177346,Low,Monitor,['Increase employee engagement']
22,2,534,1,15,3,3,2,0,59,3,1,2,4,2,2871,23785,1,0,15,3,3,0,1,5,3,0,0,0,0,72.871,23,17226,0.2213800389877649,63.9153936174123,Low,Monitor,"['Offer stock incentives', 'Improve work environment', 'Consider salary adjustment']"
29,2,1252,1,23,2,1,3,1,81,4,1,6,3,1,2700,23779,1,0,24,4,3,1,10,3,3,10,7,0,7,122.7,100,1016200,0.0109076884783425,1360.0550249885682,Low,Monitor,['Consider salary adjustment']
35,2,185,1,23,4,3,2,1,91,1,1,2,3,1,2705,9696,0,0,16,3,2,1,6,2,4,5,4,0,3,87.705,63,516230,0.2053241545375872,5856.635355532292,Low,Monitor,"['Increase employee engagement', 'Improve work environment', 'Consider salary adjustment']"
34,2,470,1,2,4,1,4,1,84,2,2,4,1,1,5957,23687,6,0,13,3,2,1,13,3,3,11,9,5,9,118.957,134,1135742,0.0802484750939939,14528.182154793702,Medium,Review Within 30 Days,"['Improve job satisfaction', 'Increase employee engagement']"
25,2,583,2,4,1,2,3,1,87,2,2,7,1,1,4256,18154,1,0,12,3,1,0,5,1,4,5,2,0,3,99.256,80,525536,0.3539949100994014,14772.236262407076,Medium,Review Within 30 Days,"['Improve job satisfaction', 'Offer stock incentives', 'Increase employee engagement', 'Consider salary adjustment']"
58,2,289,1,2,3,5,4,1,51,3,1,6,3,2,2479,26227,4,0,24,4,1,0,7,4,3,1,0,0,0,95.479,46,114874,0.0443166487162503,223.5910154298132,Low,Monitor,"['Offer stock incentives', 'Consider salary adjustment']"
32,2,334,1,5,2,1,1,1,80,4,1,6,2,0,3298,15053,0,1,12,3,4,2,7,5,2,6,2,0,5,91.298,71,619788,0.1012311355258686,4067.025397012383,Low,Monitor,"['Improve job satisfaction', 'Provide flexible work policy', 'Improve work environment', 'Reduce overtime workload', 'Consider salary adjustment']"
35,2,809,1,16,3,3,1,1,84,4,1,2,2,1,2426,16479,0,0,13,3,3,1,6,5,3,5,4,0,3,87.426,63,514556,0.0592326840087662,1678.7082198176524,Low,Monitor,"['Improve job satisfaction', 'Improve work environment', 'Consider salary adjustment']"
42,2,933,1,29,3,1,2,1,98,3,2,4,2,1,4434,11806,1,0,13,3,4,1,10,3,2,9,8,7,8,111.434,115,926604,0.0771480043325447,9160.821634365338,Low,Monitor,"['Improve job satisfaction', 'Provide flexible work policy', 'Improve work environment', 'Consider salary adjustment', 'Provide promotion opportunity']"
32,2,515,1,1,3,1,4,1,62,2,1,2,3,2,3730,9571,0,1,14,3,4,0,4,2,1,3,2,1,2,82.73,47,322380,0.5364779044347958,6724.822301031266,Low,Monitor,"['Provide flexible work policy', 'Offer stock incentives', 'Increase employee engagement', 'Reduce overtime workload', 'Consider salary adjustment']"
37,2,1141,1,11,2,3,1,0,61,1,2,0,2,1,4777,14382,5,0,15,3,1,0,15,2,1,1,0,0,0,87.777,90,128662,0.6846712198771134,6959.14064703656,Low,Monitor,"['Improve job satisfaction', 'Provide flexible work policy', 'Offer stock incentives', 'Increase employee engagement', 'Improve work environment', 'Consider salary adjustment']"
36,2,928,2,1,2,1,2,1,56,3,2,7,4,1,6201,2823,1,1,14,3,4,1,18,1,2,18,14,4,11,140.201,184,1837206,0.0459505281705183,21777.9650781002,Medium,Review Within 30 Days,"['Provide flexible work policy', 'Improve work environment', 'Reduce overtime workload']"
31,1,1125,1,1,3,1,4,1,48,1,2,6,1,1,5003,5771,1,0,21,4,2,0,10,6,3,10,8,8,7,135.003,120,1030018,0.09084797288928,15159.494539164634,Medium,Review Within 30 Days,"['Improve job satisfaction', 'Offer stock incentives', 'Increase employee engagement', 'Provide promotion opportunity']"
28,2,1181,1,1,3,1,3,1,82,3,1,6,4,1,2044,5531,1,0,11,3,3,1,5,6,4,5,3,0,3,87.044,60,512264,0.0100750520462905,269.5449659698014,Low,Monitor,['Consider salary adjustment']
41,2,334,2,2,4,1,4,1,88,3,4,3,2,2,16015,15896,1,0,19,3,2,0,22,2,3,22,10,0,4,182.015,256,2296090,0.0189900425952987,20317.11277819888,Medium,Review Within 30 Days,"['Improve job satisfaction', 'Offer stock incentives']"
40,2,299,2,25,4,2,4,1,57,2,3,7,2,2,9094,17235,2,1,12,3,3,0,9,2,3,5,4,1,0,114.094,112,554564,0.7017633464833509,49730.540965666456,Critical,Immediate Action,"['Improve job satisfaction', 'Offer stock incentives', 'Increase employee engagement', 'Reduce overtime workload']"
33,2,1075,0,3,2,0,4,1,57,3,1,1,2,0,2277,22650,3,1,11,3,3,1,7,4,4,4,3,0,3,84.277,61,413662,0.0537074750999477,1142.139800602277,Low,Monitor,"['Improve job satisfaction', 'Reduce overtime workload', 'Consider salary adjustment']"
32,0,976,2,26,4,2,3,1,100,3,2,7,4,1,4465,12069,0,0,18,3,1,0,4,2,3,3,2,2,2,93.465,67,326790,0.1775084994594993,3632.55103135665,Low,Monitor,"['Offer stock incentives', 'Consider salary adjustment']"
38,2,1321,2,1,4,1,4,1,86,3,2,7,2,1,4440,7636,0,0,15,3,1,2,16,3,3,15,13,5,8,129.44,163,1526640,0.0077916936912789,2509.7162177721225,Low,Monitor,"['Improve job satisfaction', 'Consider salary adjustment']"
35,0,1180,1,2,2,3,2,1,90,3,2,4,4,0,5762,24442,2,0,14,3,3,1,15,6,3,7,7,1,7,106.762,120,734572,0.0028600830320752,269.16027205165767,Low,Monitor,['Improve work environment']
43,2,574,1,11,3,1,1,1,30,3,3,0,3,1,7510,16873,1,0,17,3,2,1,10,1,3,10,9,0,9,127.51,140,1045060,0.0241898535917126,4512.806856305637,Low,Monitor,['Improve work environment']
46,2,706,1,2,2,1,4,1,82,3,3,4,4,0,8578,19989,3,0,14,3,3,1,12,4,2,9,8,4,7,125.578,141,951468,0.0029864171332624,503.1266590326192,Low,Monitor,['Provide flexible work policy']
34,0,1375,2,10,3,1,4,1,87,3,2,7,3,0,4001,12313,1,1,14,3,3,1,15,3,3,15,14,0,7,129.001,160,1524006,0.0194588235738381,6120.914553304977,Low,Monitor,"['Reduce overtime workload', 'Consider salary adjustment']"
49,1,1023,2,2,3,3,4,1,63,2,2,7,2,1,5390,13243,2,0,14,3,4,0,17,3,2,9,6,0,8,112.39,136,932340,0.0122228886080743,1741.8660337828192,Low,Monitor,"['Improve job satisfaction', 'Provide flexible work policy', 'Offer stock incentives', 'Increase employee engagement']"
32,2,120,1,6,5,1,3,1,43,3,1,6,3,2,3038,12430,3,0,20,4,1,0,8,2,3,5,4,1,4,108.038,69,518228,0.1873293410959365,7236.895584119055,Low,Monitor,"['Offer stock incentives', 'Consider salary adjustment']"
45,1,1297,1,1,4,3,2,1,44,3,2,0,3,2,5399,14511,4,0,12,3,3,0,12,3,3,4,2,0,3,97.399,96,432394,0.0695587196023672,2812.269709240182,Low,Monitor,"['Offer stock incentives', 'Improve work environment']"
29,2,590,1,4,3,5,4,0,91,2,1,6,1,0,2109,10007,1,0,13,3,3,1,1,2,3,1,0,0,0,75.109,28,112654,0.074127114600782,175.61989918431718,Low,Monitor,"['Improve job satisfaction', 'Increase employee engagement', 'Consider salary adjustment']"
36,0,1351,1,9,4,1,1,1,66,4,1,2,2,1,2810,9238,1,0,22,4,2,0,5,3,3,5,4,0,2,107.81,60,516860,0.1173383239376313,3923.0432865376015,Low,Monitor,"['Improve job satisfaction', 'Offer stock incentives', 'Improve work environment', 'Consider salary adjustment']"
35,0,1225,1,2,4,1,4,0,61,3,2,0,1,0,5093,4761,2,0,11,3,1,1,16,2,4,1,0,0,0,88.093,93,130558,0.0335811434853578,359.1892394229206,Low,Monitor,['Improve job satisfaction']
22,1,1256,1,3,4,1,3,1,48,2,1,6,4,1,2853,4223,0,1,11,3,2,1,1,5,3,0,0,0,0,72.853,23,17118,0.3250585513421581,93.2373440620321,Low,Monitor,"['Increase employee engagement', 'Reduce overtime workload', 'Consider salary adjustment']"
37,2,799,1,1,3,5,2,0,59,3,3,4,4,2,7491,23848,4,0,17,3,4,0,12,3,4,6,5,1,2,115.491,126,644946,0.0137656496682121,1291.9293158869882,Low,Monitor,"['Offer stock incentives', 'Improve work environment']"
23,2,1309,1,26,1,1,3,1,83,3,1,6,4,0,2904,16092,1,0,12,3,3,2,4,2,2,4,2,0,2,84.904,52,417424,0.0507141151934254,934.625794968199,Low,Monitor,"['Provide flexible work policy', 'Consider salary adjustment']"
21,2,1343,2,22,1,5,3,1,49,3,1,8,3,2,3447,24444,1,0,11,3,3,0,3,2,3,3,2,1,2,82.447,44,320682,0.3233439574004095,3761.5502416913305,Low,Monitor,"['Offer stock incentives', 'Consider salary adjustment']"
56,1,1240,1,9,3,3,1,0,63,3,1,6,3,1,2942,12154,2,0,19,3,2,1,18,4,3,5,4,0,3,87.94200000000001,99,517652,0.0072148198708197,325.1583580642157,Low,Monitor,"['Improve work environment', 'Consider salary adjustment']"
51,1,541,2,2,3,2,2,1,52,3,3,7,2,1,10596,15395,2,0,11,3,2,0,14,5,3,4,2,3,2,112.596,122,463576,0.0654820519391003,4169.903617070087,Low,Monitor,"['Improve job satisfaction', 'Offer stock incentives', 'Improve work environment']"
29,2,906,1,10,3,1,4,0,92,2,1,6,1,2,2404,11479,6,1,20,4,3,0,3,5,3,0,0,0,0,92.404,29,14424,0.7337681064945623,283.6176891103615,Low,Monitor,"['Improve job satisfaction', 'Offer stock incentives', 'Increase employee engagement', 'Reduce overtime workload', 'Consider salary adjustment']"
50,2,804,1,9,3,1,1,1,64,3,1,2,4,1,2380,20165,4,0,18,3,2,0,8,5,3,1,0,0,0,75.38,49,114280,0.100756580146076,425.3004705521961,Low,Monitor,"['Offer stock incentives', 'Improve work environment', 'Consider salary adjustment']"
26,2,703,2,28,2,2,1,1,66,3,2,7,2,1,6272,7428,1,0,20,4,4,2,6,5,4,5,3,1,4,121.272,83,537632,0.1321614806914843,7152.01864791328,Low,Monitor,"['Improve job satisfaction', 'Improve work environment']"
39,1,672,1,7,2,3,3,1,54,2,5,3,4,1,19272,21141,1,0,15,3,1,1,21,2,3,21,9,13,3,192.272,268,2215632,0.0496448887966337,56679.10828958285,Critical,Immediate Action,"['Increase employee engagement', 'Provide promotion opportunity']"
49,2,722,1,25,4,1,3,0,84,3,1,2,1,1,3211,22102,1,0,14,3,4,1,10,3,2,9,6,1,4,100.211,95,919266,0.0509126495742733,4455.596948301861,Low,Monitor,"['Improve job satisfaction', 'Provide flexible work policy', 'Consider salary adjustment']"
29,2,718,1,8,1,3,2,1,79,2,2,4,4,1,5056,17689,1,1,15,3,3,1,10,2,2,10,7,1,2,115.056,120,1030336,0.2807664192322852,39940.59727495869,Critical,Immediate Action,"['Provide flexible work policy', 'Increase employee engagement', 'Improve work environment', 'Reduce overtime workload']"
32,2,529,1,2,3,5,4,1,78,3,1,6,1,2,2439,11288,1,0,14,3,4,0,4,4,3,4,2,1,2,84.439,52,414634,0.0670558982414787,1220.8106824389542,Low,Monitor,"['Improve job satisfaction', 'Offer stock incentives', 'Consider salary adjustment']"
30,2,1092,1,10,3,3,1,0,64,3,3,4,3,2,9667,2739,9,0,14,3,2,0,9,3,3,7,7,0,2,120.667,122,758002,0.2071010216661241,23110.052871858614,Medium,Review Within 30 Days,"['Offer stock incentives', 'Improve work environment']"
27,2,1240,1,2,4,1,4,0,33,3,1,2,1,0,2341,19715,1,0,13,3,4,1,1,6,3,1,0,0,0,75.341,28,114046,0.0372154113356427,89.53488761001601,Low,Monitor,"['Improve job satisfaction', 'Consider salary adjustment']"
34,2,937,2,1,3,2,1,1,32,3,3,7,4,2,9888,6770,1,0,21,4,1,0,14,3,2,14,8,2,1,161.888,172,1459328,0.1615068296854272,65627.65889486643,Critical,Immediate Action,"['Provide flexible work policy', 'Offer stock incentives', 'Improve work environment']"
43,2,920,1,3,3,1,3,1,96,1,5,5,4,1,19740,18625,3,0,14,3,2,1,25,2,3,8,7,0,7,153.74,215,918440,0.0024657822645621,748.5672989383874,Low,Monitor,['Increase employee engagement']
33,2,603,2,9,4,2,1,0,77,3,2,7,1,2,8224,18385,0,1,17,3,1,0,6,3,3,5,2,0,3,103.224,83,549344,0.7154977506282395,33675.29701485654,Critical,Immediate Action,"['Improve job satisfaction', 'Offer stock incentives', 'Improve work environment', 'Reduce overtime workload']"
31,1,793,2,20,3,1,3,1,67,4,1,8,4,1,2791,21981,0,0,12,3,1,1,3,4,3,2,2,2,2,78.791,39,216746,0.0998637117880129,665.1200120703255,Low,Monitor,['Consider salary adjustment']
43,2,244,0,2,3,1,2,1,97,3,1,1,4,2,3539,5033,0,0,13,3,2,0,10,5,3,9,7,1,8,100.539,95,921234,0.0094722678343968,833.4548806885796,Low,Monitor,"['Offer stock incentives', 'Improve work environment', 'Consider salary adjustment']"
44,2,170,1,1,4,1,2,1,78,4,2,0,1,1,5033,9364,2,0,15,3,4,1,10,5,3,2,0,2,2,91.033,80,230198,0.0506711117720874,849.4754290440753,Low,Monitor,"['Improve job satisfaction', 'Improve work environment']"
36,2,1456,2,13,5,2,2,1,96,2,2,7,1,0,6134,8658,5,1,13,3,2,3,16,3,3,2,2,2,2,92.134,98,236804,0.4475865604507896,9570.002998148651,Low,Monitor,"['Improve job satisfaction', 'Increase employee engagement', 'Improve work environment', 'Reduce overtime workload']"
56,2,1255,1,1,2,1,1,0,90,3,1,6,1,1,2066,10494,2,0,22,4,4,1,5,3,4,3,2,1,0,101.066,50,312396,0.0246123677338322,388.5383947168109,Low,Monitor,"['Improve job satisfaction', 'Improve work environment', 'Consider salary adjustment']"
37,2,1372,1,1,3,1,4,0,42,3,1,6,4,2,2115,15881,1,0,12,3,2,0,17,3,3,17,12,5,7,123.115,156,1712690,0.0078832745792742,2593.1102588910617,Low,Monitor,"['Offer stock incentives', 'Consider salary adjustment']"
